{
  "state": "Minnesota",
  "champion": "LSTM",
  "metrics": {
    "model": "LSTM",
    "smape": 0.35008336462191697,
    "mae": 545225.3624811172,
    "rmse": 648702.3512788925
  },
  "all_results": [
    {
      "model": "LSTM",
      "smape": 0.35008336462191697,
      "mae": 545225.3624811172,
      "rmse": 648702.3512788925
    },
    {
      "model": "Prophet",
      "smape": 1.6825316363513827,
      "mae": 2582005.9219282568,
      "rmse": 3532607.2385007166
    },
    {
      "model": "XGBoost",
      "smape": 2.1153276859662284,
      "mae": 3292263.59375,
      "rmse": 3471829.661650669
    },
    {
      "model": "SARIMA",
      "smape": 3.374713618371763,
      "mae": 5227411.3681317195,
      "rmse": 5774352.8047889285
    }
  ]
}