{
  "state": "Kansas",
  "champion": "LSTM",
  "metrics": {
    "model": "LSTM",
    "smape": 1.5438752443336436,
    "mae": 1395688.2060072813,
    "rmse": 1538996.1464984606
  },
  "all_results": [
    {
      "model": "LSTM",
      "smape": 1.5438752443336436,
      "mae": 1395688.2060072813,
      "rmse": 1538996.1464984606
    },
    {
      "model": "Prophet",
      "smape": 1.6942361872364506,
      "mae": 1527673.1166274752,
      "rmse": 1793504.7771847069
    },
    {
      "model": "SARIMA",
      "smape": 2.774402290282056,
      "mae": 2501767.589621287,
      "rmse": 2929523.6442182777
    },
    {
      "model": "XGBoost",
      "smape": 3.9992984565308696,
      "mae": 3549445.416666666,
      "rmse": 3699267.13861669
    }
  ]
}