{
  "state": "Florida",
  "champion": "Prophet",
  "metrics": {
    "model": "Prophet",
    "smape": 2.8301966617814207,
    "mae": 21244555.27190827,
    "rmse": 24061816.11635043
  },
  "all_results": [
    {
      "model": "Prophet",
      "smape": 2.8301966617814207,
      "mae": 21244555.27190827,
      "rmse": 24061816.11635043
    },
    {
      "model": "LSTM",
      "smape": 4.240852799723115,
      "mae": 31623462.341518402,
      "rmse": 32180291.456834354
    },
    {
      "model": "XGBoost",
      "smape": 5.819661819544084,
      "mae": 42733913.5625,
      "rmse": 50333176.665937774
    },
    {
      "model": "SARIMA",
      "smape": 5.852853868533177,
      "mae": 42873102.32781801,
      "rmse": 51207022.19215756
    }
  ]
}