{
  "state": "Kentucky",
  "champion": "LSTM",
  "metrics": {
    "model": "LSTM",
    "smape": 0.8991910767006575,
    "mae": 1542961.093420703,
    "rmse": 1569018.5989419224
  },
  "all_results": [
    {
      "model": "LSTM",
      "smape": 0.8991910767006575,
      "mae": 1542961.093420703,
      "rmse": 1569018.5989419224
    },
    {
      "model": "Prophet",
      "smape": 1.9572851781690512,
      "mae": 3323646.2274814695,
      "rmse": 4074648.6804490197
    },
    {
      "model": "XGBoost",
      "smape": 3.278082951268841,
      "mae": 5544274.645833332,
      "rmse": 5875303.573043212
    },
    {
      "model": "SARIMA",
      "smape": 4.394798283369047,
      "mae": 7393920.640368439,
      "rmse": 7776314.649120884
    }
  ]
}