{
  "state": "New Mexico",
  "champion": "LSTM",
  "metrics": {
    "model": "LSTM",
    "smape": 1.4094931277542546,
    "mae": 1022755.115896225,
    "rmse": 1025871.2452326748
  },
  "all_results": [
    {
      "model": "LSTM",
      "smape": 1.4094931277542546,
      "mae": 1022755.115896225,
      "rmse": 1025871.2452326748
    },
    {
      "model": "Prophet",
      "smape": 2.0024058934862135,
      "mae": 1444210.36318901,
      "rmse": 1625049.726835197
    },
    {
      "model": "XGBoost",
      "smape": 4.19912691451726,
      "mae": 2990245.75,
      "rmse": 3326628.0948436926
    },
    {
      "model": "SARIMA",
      "smape": 4.7674298136091755,
      "mae": 3376257.876311318,
      "rmse": 3900465.2815435953
    }
  ]
}