{
  "state": "Massachusetts",
  "champion": "LSTM",
  "metrics": {
    "model": "LSTM",
    "smape": 1.6724697321367676,
    "mae": 3077808.58831976,
    "rmse": 3081602.3502705474
  },
  "all_results": [
    {
      "model": "LSTM",
      "smape": 1.6724697321367676,
      "mae": 3077808.58831976,
      "rmse": 3081602.3502705474
    },
    {
      "model": "XGBoost",
      "smape": 1.9464641193740793,
      "mae": 3575933.416666668,
      "rmse": 3656332.520641368
    },
    {
      "model": "Prophet",
      "smape": 2.995123088192687,
      "mae": 5455161.001243167,
      "rmse": 6126388.029074571
    },
    {
      "model": "SARIMA",
      "smape": 3.6079289320649757,
      "mae": 6549508.50490376,
      "rmse": 7479554.028828056
    }
  ]
}