{
  "state": "Iowa",
  "champion": "LSTM",
  "metrics": {
    "model": "LSTM",
    "smape": 0.5504534990367581,
    "mae": 637081.2251551058,
    "rmse": 749455.0027162491
  },
  "all_results": [
    {
      "model": "LSTM",
      "smape": 0.5504534990367581,
      "mae": 637081.2251551058,
      "rmse": 749455.0027162491
    },
    {
      "model": "Prophet",
      "smape": 1.277206617262526,
      "mae": 1462144.446170766,
      "rmse": 1920037.8580082348
    },
    {
      "model": "SARIMA",
      "smape": 3.0019222126700598,
      "mae": 3432052.144302562,
      "rmse": 3737261.4860882154
    },
    {
      "model": "XGBoost",
      "smape": 4.977872172385031,
      "mae": 5603367.479166666,
      "rmse": 5999645.616596017
    }
  ]
}