{
  "state": "Georgia",
  "champion": "LSTM",
  "metrics": {
    "model": "LSTM",
    "smape": 1.1706103133167043,
    "mae": 4400504.752078138,
    "rmse": 4811151.990243342
  },
  "all_results": [
    {
      "model": "LSTM",
      "smape": 1.1706103133167043,
      "mae": 4400504.752078138,
      "rmse": 4811151.990243342
    },
    {
      "model": "XGBoost",
      "smape": 2.0424831513486987,
      "mae": 7633770.145833336,
      "rmse": 8090631.752652187
    },
    {
      "model": "Prophet",
      "smape": 2.8217433610305798,
      "mae": 10533932.290119357,
      "rmse": 11238252.827102592
    },
    {
      "model": "SARIMA",
      "smape": 5.582323868021155,
      "mae": 20461253.16846615,
      "rmse": 21665030.50509907
    }
  ]
}