{
  "state": "Ohio",
  "champion": "LSTM",
  "metrics": {
    "model": "LSTM",
    "smape": 1.4868238641450708,
    "mae": 5516597.022431694,
    "rmse": 5517257.645726706
  },
  "all_results": [
    {
      "model": "LSTM",
      "smape": 1.4868238641450708,
      "mae": 5516597.022431694,
      "rmse": 5517257.645726706
    },
    {
      "model": "XGBoost",
      "smape": 3.1052623295573167,
      "mae": 11396952.770833336,
      "rmse": 12402228.977241404
    },
    {
      "model": "Prophet",
      "smape": 3.2393912674644643,
      "mae": 11877815.107299626,
      "rmse": 12987645.626068307
    },
    {
      "model": "SARIMA",
      "smape": 4.011817151320386,
      "mae": 14658216.804483593,
      "rmse": 15692394.0906824
    }
  ]
}