{
  "state": "New York",
  "champion": "LSTM",
  "metrics": {
    "model": "LSTM",
    "smape": 1.498301752572102,
    "mae": 6528825.958075561,
    "rmse": 6566353.240834303
  },
  "all_results": [
    {
      "model": "LSTM",
      "smape": 1.498301752572102,
      "mae": 6528825.958075561,
      "rmse": 6566353.240834303
    },
    {
      "model": "XGBoost",
      "smape": 2.293519198611228,
      "mae": 9940025.229166664,
      "rmse": 10552029.142427338
    },
    {
      "model": "Prophet",
      "smape": 3.920411466754466,
      "mae": 16798309.86822039,
      "rmse": 18756866.017728224
    },
    {
      "model": "SARIMA",
      "smape": 5.421644567468404,
      "mae": 23059708.786371946,
      "rmse": 25073397.774288934
    }
  ]
}