{
  "state": "Maine",
  "champion": "LSTM",
  "metrics": {
    "model": "LSTM",
    "smape": 0.15714230552237313,
    "mae": 74081.24063792825,
    "rmse": 85391.42132063351
  },
  "all_results": [
    {
      "model": "LSTM",
      "smape": 0.15714230552237313,
      "mae": 74081.24063792825,
      "rmse": 85391.42132063351
    },
    {
      "model": "XGBoost",
      "smape": 0.8173983265532496,
      "mae": 383328.5625,
      "rmse": 479996.4784801486
    },
    {
      "model": "Prophet",
      "smape": 7.644306483845423,
      "mae": 3454777.2935243994,
      "rmse": 3635471.196626937
    },
    {
      "model": "SARIMA",
      "smape": 10.686700811437834,
      "mae": 4744465.411780612,
      "rmse": 5001907.905443595
    }
  ]
}