{
  "state": "Nebraska",
  "champion": "LSTM",
  "metrics": {
    "model": "LSTM",
    "smape": 0.8410244365394438,
    "mae": 525251.053376873,
    "rmse": 615516.9552690504
  },
  "all_results": [
    {
      "model": "LSTM",
      "smape": 0.8410244365394438,
      "mae": 525251.053376873,
      "rmse": 615516.9552690504
    },
    {
      "model": "SARIMA",
      "smape": 2.504508610790621,
      "mae": 1552665.3338975012,
      "rmse": 1768762.6447509644
    },
    {
      "model": "XGBoost",
      "smape": 2.6222960263309876,
      "mae": 1615047.458333333,
      "rmse": 1697090.964135454
    },
    {
      "model": "Prophet",
      "smape": 6.649785149479221,
      "mae": 4014055.831992614,
      "rmse": 4105759.057019717
    }
  ]
}