{
  "state": "Illinois",
  "champion": "LSTM",
  "metrics": {
    "model": "LSTM",
    "smape": 3.518834026595778,
    "mae": 11233627.447048306,
    "rmse": 11265282.544898292
  },
  "all_results": [
    {
      "model": "LSTM",
      "smape": 3.518834026595778,
      "mae": 11233627.447048306,
      "rmse": 11265282.544898292
    },
    {
      "model": "SARIMA",
      "smape": 3.8333626931007467,
      "mae": 12174987.224938601,
      "rmse": 13299106.155147746
    },
    {
      "model": "Prophet",
      "smape": 4.202908883774667,
      "mae": 13347943.184430972,
      "rmse": 13951019.043102894
    },
    {
      "model": "XGBoost",
      "smape": 4.635249336148757,
      "mae": 14688342.75,
      "rmse": 15330849.028929705
    }
  ]
}