{
  "state": "Indiana",
  "champion": "XGBoost",
  "metrics": {
    "model": "XGBoost",
    "smape": 0.799794641745887,
    "mae": 1769376.65625,
    "rmse": 1971749.7539520161
  },
  "all_results": [
    {
      "model": "XGBoost",
      "smape": 0.799794641745887,
      "mae": 1769376.65625,
      "rmse": 1971749.7539520161
    },
    {
      "model": "LSTM",
      "smape": 1.4573386440198848,
      "mae": 3217430.4737063646,
      "rmse": 3220104.2010296853
    },
    {
      "model": "Prophet",
      "smape": 2.525728027346294,
      "mae": 5526623.708581939,
      "rmse": 6258417.560372146
    },
    {
      "model": "SARIMA",
      "smape": 3.4376878437308465,
      "mae": 7493240.6523697525,
      "rmse": 8170621.678535743
    }
  ]
}