{
  "state": "Connecticut",
  "champion": "LSTM",
  "metrics": {
    "model": "LSTM",
    "smape": 0.5427107159428268,
    "mae": 486310.6442887392,
    "rmse": 573445.8636925643
  },
  "all_results": [
    {
      "model": "LSTM",
      "smape": 0.5427107159428268,
      "mae": 486310.6442887392,
      "rmse": 573445.8636925643
    },
    {
      "model": "XGBoost",
      "smape": 1.8786101023696382,
      "mae": 1668632.520833334,
      "rmse": 1785167.9072045092
    },
    {
      "model": "Prophet",
      "smape": 2.135750918035516,
      "mae": 1887942.7740810048,
      "rmse": 2378230.302129472
    },
    {
      "model": "SARIMA",
      "smape": 3.805294969496627,
      "mae": 3365789.958948884,
      "rmse": 3855469.7579191425
    }
  ]
}