{
  "state": "Arkansas",
  "champion": "LSTM",
  "metrics": {
    "model": "LSTM",
    "smape": 0.7714728818484143,
    "mae": 851313.5550392661,
    "rmse": 959337.2369359834
  },
  "all_results": [
    {
      "model": "LSTM",
      "smape": 0.7714728818484143,
      "mae": 851313.5550392661,
      "rmse": 959337.2369359834
    },
    {
      "model": "Prophet",
      "smape": 2.162804261747395,
      "mae": 2353569.16540733,
      "rmse": 2847705.2189250374
    },
    {
      "model": "XGBoost",
      "smape": 3.6787826879863728,
      "mae": 3989535.229166666,
      "rmse": 4143415.2749941167
    },
    {
      "model": "SARIMA",
      "smape": 4.068278111822781,
      "mae": 4387969.199210873,
      "rmse": 4892455.1811175905
    }
  ]
}