{
  "state": "Colorado",
  "champion": "LSTM",
  "metrics": {
    "model": "LSTM",
    "smape": 1.6416464822550092,
    "mae": 2883741.3076963015,
    "rmse": 2904336.816175094
  },
  "all_results": [
    {
      "model": "LSTM",
      "smape": 1.6416464822550092,
      "mae": 2883741.3076963015,
      "rmse": 2904336.816175094
    },
    {
      "model": "XGBoost",
      "smape": 2.40990167291479,
      "mae": 4213317.333333332,
      "rmse": 4417965.696506682
    },
    {
      "model": "Prophet",
      "smape": 4.010621016827441,
      "mae": 6951608.635351166,
      "rmse": 7292754.103947994
    },
    {
      "model": "SARIMA",
      "smape": 7.302889071109013,
      "mae": 12405587.596537802,
      "rmse": 13342818.607517643
    }
  ]
}