{
  "state": "Michigan",
  "champion": "LSTM",
  "metrics": {
    "model": "LSTM",
    "smape": 0.8511544293749902,
    "mae": 2472094.639429666,
    "rmse": 2488200.3405763046
  },
  "all_results": [
    {
      "model": "LSTM",
      "smape": 0.8511544293749902,
      "mae": 2472094.639429666,
      "rmse": 2488200.3405763046
    },
    {
      "model": "XGBoost",
      "smape": 1.04911629452734,
      "mae": 3041011.364583336,
      "rmse": 3402453.2089285213
    },
    {
      "model": "Prophet",
      "smape": 3.8373229592259492,
      "mae": 10955889.020888396,
      "rmse": 11645758.442999829
    },
    {
      "model": "SARIMA",
      "smape": 5.0175049104974585,
      "mae": 14227887.262226798,
      "rmse": 14988362.98454575
    }
  ]
}