{
  "state": "Oregon",
  "champion": "LSTM",
  "metrics": {
    "model": "LSTM",
    "smape": 0.790540731697424,
    "mae": 906972.1910136547,
    "rmse": 1128148.8181729987
  },
  "all_results": [
    {
      "model": "LSTM",
      "smape": 0.790540731697424,
      "mae": 906972.1910136547,
      "rmse": 1128148.8181729987
    },
    {
      "model": "XGBoost",
      "smape": 1.4841452442784961,
      "mae": 1694641.041666666,
      "rmse": 2022983.4663215012
    },
    {
      "model": "Prophet",
      "smape": 3.4487212372958096,
      "mae": 3872983.1185211707,
      "rmse": 4253345.787355764
    },
    {
      "model": "SARIMA",
      "smape": 4.826121762801887,
      "mae": 5388456.692862909,
      "rmse": 5955091.377350767
    }
  ]
}