{
  "state": "North Carolina",
  "champion": "LSTM",
  "metrics": {
    "model": "LSTM",
    "smape": 0.6733614355381428,
    "mae": 2401487.639455475,
    "rmse": 2485164.590314751
  },
  "all_results": [
    {
      "model": "LSTM",
      "smape": 0.6733614355381428,
      "mae": 2401487.639455475,
      "rmse": 2485164.590314751
    },
    {
      "model": "XGBoost",
      "smape": 1.213854914594544,
      "mae": 4307944.166666664,
      "rmse": 4919385.76322227
    },
    {
      "model": "Prophet",
      "smape": 3.141102409535797,
      "mae": 11011747.754112877,
      "rmse": 12395003.681905447
    },
    {
      "model": "SARIMA",
      "smape": 5.3472691164371025,
      "mae": 18575130.75033757,
      "rmse": 19577138.663569108
    }
  ]
}