{
  "state": "New Hampshire",
  "champion": "LSTM",
  "metrics": {
    "model": "LSTM",
    "smape": 0.7207162890513202,
    "mae": 402683.2679031687,
    "rmse": 403928.7604520233
  },
  "all_results": [
    {
      "model": "LSTM",
      "smape": 0.7207162890513202,
      "mae": 402683.2679031687,
      "rmse": 403928.7604520233
    },
    {
      "model": "XGBoost",
      "smape": 1.915250597057312,
      "mae": 1061846.895833333,
      "rmse": 1160039.2865615536
    },
    {
      "model": "Prophet",
      "smape": 4.731727816778993,
      "mae": 2583236.1047592694,
      "rmse": 2758232.4047613214
    },
    {
      "model": "SARIMA",
      "smape": 5.1787836817072055,
      "mae": 2826777.6223526504,
      "rmse": 2959218.476368687
    }
  ]
}