{
  "state": "Arizona",
  "champion": "Prophet",
  "metrics": {
    "model": "Prophet",
    "smape": 1.5170332590902718,
    "mae": 3374240.064639155,
    "rmse": 4081213.4756311034
  },
  "all_results": [
    {
      "model": "Prophet",
      "smape": 1.5170332590902718,
      "mae": 3374240.064639155,
      "rmse": 4081213.4756311034
    },
    {
      "model": "LSTM",
      "smape": 2.3097687152717956,
      "mae": 5141491.857236069,
      "rmse": 5163968.10685361
    },
    {
      "model": "SARIMA",
      "smape": 3.4010157157164436,
      "mae": 7497486.26060082,
      "rmse": 8469827.1249788
    },
    {
      "model": "XGBoost",
      "smape": 6.540758848250869,
      "mae": 14208757.041666668,
      "rmse": 14687293.525201088
    }
  ]
}