{
  "state": "Louisiana",
  "champion": "LSTM",
  "metrics": {
    "model": "LSTM",
    "smape": 2.561143279070508,
    "mae": 4652644.728277046,
    "rmse": 4701792.997467053
  },
  "all_results": [
    {
      "model": "LSTM",
      "smape": 2.561143279070508,
      "mae": 4652644.728277046,
      "rmse": 4701792.997467053
    },
    {
      "model": "Prophet",
      "smape": 3.230373007828395,
      "mae": 5837584.53095486,
      "rmse": 6479346.405570242
    },
    {
      "model": "XGBoost",
      "smape": 4.521193545884067,
      "mae": 8099718.291666668,
      "rmse": 9049045.29524056
    },
    {
      "model": "SARIMA",
      "smape": 5.37880724406959,
      "mae": 9571290.63071568,
      "rmse": 10886097.494808787
    }
  ]
}