{
  "state": "Alabama",
  "champion": "LSTM",
  "metrics": {
    "model": "LSTM",
    "smape": 0.2814014559880508,
    "mae": 575193.008620102,
    "rmse": 598443.2123739147
  },
  "all_results": [
    {
      "model": "LSTM",
      "smape": 0.2814014559880508,
      "mae": 575193.008620102,
      "rmse": 598443.2123739147
    },
    {
      "model": "XGBoost",
      "smape": 2.6595982402346166,
      "mae": 5357850.895833332,
      "rmse": 6020207.596816868
    },
    {
      "model": "Prophet",
      "smape": 3.239301272935344,
      "mae": 6515903.533346705,
      "rmse": 7115134.047212929
    },
    {
      "model": "SARIMA",
      "smape": 6.870218677147269,
      "mae": 13551465.792121138,
      "rmse": 14125406.247973977
    }
  ]
}