{
  "state": "California",
  "champion": "LSTM",
  "metrics": {
    "model": "LSTM",
    "smape": 3.3984249785520673,
    "mae": 29315089.165161446,
    "rmse": 29839302.790467225
  },
  "all_results": [
    {
      "model": "LSTM",
      "smape": 3.3984249785520673,
      "mae": 29315089.165161446,
      "rmse": 29839302.790467225
    },
    {
      "model": "Prophet",
      "smape": 4.65337685527607,
      "mae": 39758382.30829303,
      "rmse": 44258047.533699304
    },
    {
      "model": "SARIMA",
      "smape": 6.0793766101389775,
      "mae": 51610627.37799212,
      "rmse": 54186040.41131745
    },
    {
      "model": "XGBoost",
      "smape": 7.519435421740583,
      "mae": 63231778.58333333,
      "rmse": 68950275.05054481
    }
  ]
}