{
  "state": "Oklahoma",
  "champion": "LSTM",
  "metrics": {
    "model": "LSTM",
    "smape": 0.5939405439944122,
    "mae": 872796.8278125115,
    "rmse": 1041664.1487613422
  },
  "all_results": [
    {
      "model": "LSTM",
      "smape": 0.5939405439944122,
      "mae": 872796.8278125115,
      "rmse": 1041664.1487613422
    },
    {
      "model": "Prophet",
      "smape": 1.4039141930390207,
      "mae": 2039015.1867100298,
      "rmse": 2694966.2543147416
    },
    {
      "model": "SARIMA",
      "smape": 5.019585896357373,
      "mae": 7154134.775371898,
      "rmse": 8026710.533248288
    },
    {
      "model": "XGBoost",
      "smape": 5.627452051821184,
      "mae": 8014844.041666668,
      "rmse": 8328553.437079198
    }
  ]
}