{
  "state": "Missouri",
  "champion": "LSTM",
  "metrics": {
    "model": "LSTM",
    "smape": 0.6419942866527304,
    "mae": 1248800.310492199,
    "rmse": 1439217.6586228309
  },
  "all_results": [
    {
      "model": "LSTM",
      "smape": 0.6419942866527304,
      "mae": 1248800.310492199,
      "rmse": 1439217.6586228309
    },
    {
      "model": "XGBoost",
      "smape": 1.2066935159936176,
      "mae": 2342905.8750000037,
      "rmse": 2701864.401322681
    },
    {
      "model": "Prophet",
      "smape": 1.2153769191328412,
      "mae": 2345190.038028583,
      "rmse": 3137599.7320266184
    },
    {
      "model": "SARIMA",
      "smape": 2.883434980433749,
      "mae": 5531686.301507015,
      "rmse": 6390416.771955209
    }
  ]
}