{
  "state": "Nevada",
  "champion": "LSTM",
  "metrics": {
    "model": "LSTM",
    "smape": 1.313944681132167,
    "mae": 1340290.2094979081,
    "rmse": 1341478.0892170526
  },
  "all_results": [
    {
      "model": "LSTM",
      "smape": 1.313944681132167,
      "mae": 1340290.2094979081,
      "rmse": 1341478.0892170526
    },
    {
      "model": "XGBoost",
      "smape": 1.9380075997037696,
      "mae": 1963249.2499999981,
      "rmse": 2325733.8231263165
    },
    {
      "model": "Prophet",
      "smape": 3.37071325106446,
      "mae": 3384140.0755261146,
      "rmse": 3938763.8126655133
    },
    {
      "model": "SARIMA",
      "smape": 6.424979886948911,
      "mae": 6353545.119260352,
      "rmse": 6920885.372113449
    }
  ]
}