{
  "state": "Mississippi",
  "champion": "XGBoost",
  "metrics": {
    "model": "XGBoost",
    "smape": 0.2725916794603068,
    "mae": 335350.12500000186,
    "rmse": 401949.07777518715
  },
  "all_results": [
    {
      "model": "XGBoost",
      "smape": 0.2725916794603068,
      "mae": 335350.12500000186,
      "rmse": 401949.07777518715
    },
    {
      "model": "LSTM",
      "smape": 0.8616555998898789,
      "mae": 1066030.233867487,
      "rmse": 1120887.7889687538
    },
    {
      "model": "SARIMA",
      "smape": 4.759710767368805,
      "mae": 5692868.504236037,
      "rmse": 6320410.436912126
    },
    {
      "model": "Prophet",
      "smape": 9.015470746948159,
      "mae": 10604225.719535455,
      "rmse": 10793617.548978178
    }
  ]
}