{
  "state": "Maryland",
  "champion": "XGBoost",
  "metrics": {
    "model": "XGBoost",
    "smape": 2.1501626689405513,
    "mae": 3452603.791666668,
    "rmse": 4194916.295631799
  },
  "all_results": [
    {
      "model": "XGBoost",
      "smape": 2.1501626689405513,
      "mae": 3452603.791666668,
      "rmse": 4194916.295631799
    },
    {
      "model": "LSTM",
      "smape": 2.423147237349782,
      "mae": 3899847.61251105,
      "rmse": 3942838.266301719
    },
    {
      "model": "Prophet",
      "smape": 3.533788221035979,
      "mae": 5633687.871546671,
      "rmse": 6246470.295154966
    },
    {
      "model": "SARIMA",
      "smape": 4.526955231592515,
      "mae": 7169872.073928077,
      "rmse": 7897006.142535326
    }
  ]
}